regime,horizon,response_variable,shock_variable,response,response_type
1,0,gross_reserves_usd_m,gross_reserves_usd_m,558.8448679239085,cumulative
1,0,gross_reserves_usd_m,exports_usd_m,-40.659778796528364,cumulative
1,0,gross_reserves_usd_m,imports_usd_m,14.903639433834009,cumulative
1,0,gross_reserves_usd_m,remittances_usd_m,86.27872444774444,cumulative
1,0,gross_reserves_usd_m,tourism_usd_m,36.2959075880341,cumulative
1,0,exports_usd_m,gross_reserves_usd_m,-7.332220647947125,cumulative
1,0,exports_usd_m,exports_usd_m,100.77708243559917,cumulative
1,0,exports_usd_m,imports_usd_m,27.064423971080796,cumulative
1,0,exports_usd_m,remittances_usd_m,38.479137923441876,cumulative
1,0,exports_usd_m,tourism_usd_m,34.96847923830382,cumulative
1,0,imports_usd_m,gross_reserves_usd_m,3.951074547781089,cumulative
1,0,imports_usd_m,exports_usd_m,39.787913301131525,cumulative
1,0,imports_usd_m,imports_usd_m,148.15426417252064,cumulative
1,0,imports_usd_m,remittances_usd_m,64.11461495012058,cumulative
1,0,imports_usd_m,tourism_usd_m,28.986568445777596,cumulative
1,0,remittances_usd_m,gross_reserves_usd_m,9.07701985197656,cumulative
1,0,remittances_usd_m,exports_usd_m,22.448865039666543,cumulative
1,0,remittances_usd_m,imports_usd_m,25.44331642116795,cumulative
1,0,remittances_usd_m,remittances_usd_m,58.79370601257365,cumulative
1,0,remittances_usd_m,tourism_usd_m,15.376121989995204,cumulative
1,0,tourism_usd_m,gross_reserves_usd_m,4.04143640635649,cumulative
1,0,tourism_usd_m,exports_usd_m,21.591574856228906,cumulative
1,0,tourism_usd_m,imports_usd_m,12.174524409962205,cumulative
1,0,tourism_usd_m,remittances_usd_m,16.273663640511824,cumulative
1,0,tourism_usd_m,tourism_usd_m,62.22563767706292,cumulative
1,1,gross_reserves_usd_m,gross_reserves_usd_m,378.3270144134747,cumulative
1,1,gross_reserves_usd_m,exports_usd_m,25.705360763266093,cumulative
1,1,gross_reserves_usd_m,imports_usd_m,-13.170850236769912,cumulative
1,1,gross_reserves_usd_m,remittances_usd_m,97.7372509030061,cumulative
1,1,gross_reserves_usd_m,tourism_usd_m,-40.227026939571005,cumulative
1,1,exports_usd_m,gross_reserves_usd_m,-10.075077116306762,cumulative
1,1,exports_usd_m,exports_usd_m,52.47599572898297,cumulative
1,1,exports_usd_m,imports_usd_m,0.1318290114217895,cumulative
1,1,exports_usd_m,remittances_usd_m,0.5616054960656385,cumulative
1,1,exports_usd_m,tourism_usd_m,15.229434624347931,cumulative
1,1,imports_usd_m,gross_reserves_usd_m,1.1746812505034052,cumulative
1,1,imports_usd_m,exports_usd_m,27.906507200295856,cumulative
1,1,imports_usd_m,imports_usd_m,84.26903147893267,cumulative
1,1,imports_usd_m,remittances_usd_m,39.56095309944998,cumulative
1,1,imports_usd_m,tourism_usd_m,49.20842279133152,cumulative
1,1,remittances_usd_m,gross_reserves_usd_m,10.745639826828214,cumulative
1,1,remittances_usd_m,exports_usd_m,13.702167063778575,cumulative
1,1,remittances_usd_m,imports_usd_m,0.4516326282483085,cumulative
1,1,remittances_usd_m,remittances_usd_m,33.09855481510699,cumulative
1,1,remittances_usd_m,tourism_usd_m,11.611270332450829,cumulative
1,1,tourism_usd_m,gross_reserves_usd_m,-2.2814850226532437,cumulative
1,1,tourism_usd_m,exports_usd_m,33.43402502150487,cumulative
1,1,tourism_usd_m,imports_usd_m,10.6131278681959,cumulative
1,1,tourism_usd_m,remittances_usd_m,14.047620894081872,cumulative
1,1,tourism_usd_m,tourism_usd_m,73.8799509522432,cumulative
1,2,gross_reserves_usd_m,gross_reserves_usd_m,445.26734174574017,cumulative
1,2,gross_reserves_usd_m,exports_usd_m,-56.112777678037695,cumulative
1,2,gross_reserves_usd_m,imports_usd_m,-25.244960201401845,cumulative
1,2,gross_reserves_usd_m,remittances_usd_m,51.78228166138993,cumulative
1,2,gross_reserves_usd_m,tourism_usd_m,-60.34433686129999,cumulative
1,2,exports_usd_m,gross_reserves_usd_m,-8.674919730477173,cumulative
1,2,exports_usd_m,exports_usd_m,74.59298892345736,cumulative
1,2,exports_usd_m,imports_usd_m,22.393362401815217,cumulative
1,2,exports_usd_m,remittances_usd_m,24.97805025409301,cumulative
1,2,exports_usd_m,tourism_usd_m,23.47356142645954,cumulative
1,2,imports_usd_m,gross_reserves_usd_m,0.0014720105511794035,cumulative
1,2,imports_usd_m,exports_usd_m,42.85797066475277,cumulative
1,2,imports_usd_m,imports_usd_m,115.34600912558511,cumulative
1,2,imports_usd_m,remittances_usd_m,52.41275017688403,cumulative
1,2,imports_usd_m,tourism_usd_m,48.315214986992416,cumulative
1,2,remittances_usd_m,gross_reserves_usd_m,8.273242357693533,cumulative
1,2,remittances_usd_m,exports_usd_m,18.111483246316702,cumulative
1,2,remittances_usd_m,imports_usd_m,15.800530622793046,cumulative
1,2,remittances_usd_m,remittances_usd_m,44.03334870997361,cumulative
1,2,remittances_usd_m,tourism_usd_m,9.920634910798597,cumulative
1,2,tourism_usd_m,gross_reserves_usd_m,-2.187872706034711,cumulative
1,2,tourism_usd_m,exports_usd_m,30.68455026803047,cumulative
1,2,tourism_usd_m,imports_usd_m,12.053755173033109,cumulative
1,2,tourism_usd_m,remittances_usd_m,12.926090171496197,cumulative
1,2,tourism_usd_m,tourism_usd_m,74.2640942573125,cumulative
1,3,gross_reserves_usd_m,gross_reserves_usd_m,423.27411935794015,cumulative
1,3,gross_reserves_usd_m,exports_usd_m,-9.481437247074297,cumulative
1,3,gross_reserves_usd_m,imports_usd_m,-2.1209316901579065,cumulative
1,3,gross_reserves_usd_m,remittances_usd_m,93.22979776700802,cumulative
1,3,gross_reserves_usd_m,tourism_usd_m,-49.39128334229005,cumulative
1,3,exports_usd_m,gross_reserves_usd_m,-8.638736326097535,cumulative
1,3,exports_usd_m,exports_usd_m,64.06265994433456,cumulative
1,3,exports_usd_m,imports_usd_m,7.080122916754371,cumulative
1,3,exports_usd_m,remittances_usd_m,11.395696967513794,cumulative
1,3,exports_usd_m,tourism_usd_m,20.96310528298237,cumulative
1,3,imports_usd_m,gross_reserves_usd_m,0.17524952067157712,cumulative
1,3,imports_usd_m,exports_usd_m,33.469062273717164,cumulative
1,3,imports_usd_m,imports_usd_m,100.1823748699079,cumulative
1,3,imports_usd_m,remittances_usd_m,44.41377563131071,cumulative
1,3,imports_usd_m,tourism_usd_m,48.66191183812826,cumulative
1,3,remittances_usd_m,gross_reserves_usd_m,9.992132919791302,cumulative
1,3,remittances_usd_m,exports_usd_m,14.485719717467596,cumulative
1,3,remittances_usd_m,imports_usd_m,7.265826980143039,cumulative
1,3,remittances_usd_m,remittances_usd_m,38.83044751911094,cumulative
1,3,remittances_usd_m,tourism_usd_m,10.717439951645003,cumulative
1,3,tourism_usd_m,gross_reserves_usd_m,-2.2850373057596625,cumulative
1,3,tourism_usd_m,exports_usd_m,32.58125586916791,cumulative
1,3,tourism_usd_m,imports_usd_m,12.356293141018545,cumulative
1,3,tourism_usd_m,remittances_usd_m,14.304916624525182,cumulative
1,3,tourism_usd_m,tourism_usd_m,75.67114693111043,cumulative
1,4,gross_reserves_usd_m,gross_reserves_usd_m,431.9164625334094,cumulative
1,4,gross_reserves_usd_m,exports_usd_m,-35.68611722613196,cumulative
1,4,gross_reserves_usd_m,imports_usd_m,-24.892236924211602,cumulative
1,4,gross_reserves_usd_m,remittances_usd_m,65.10911091977846,cumulative
1,4,gross_reserves_usd_m,tourism_usd_m,-56.39148829117897,cumulative
1,4,exports_usd_m,gross_reserves_usd_m,-9.12888777569031,cumulative
1,4,exports_usd_m,exports_usd_m,69.67263872567702,cumulative
1,4,exports_usd_m,imports_usd_m,16.558536121988908,cumulative
1,4,exports_usd_m,remittances_usd_m,18.64847789395774,cumulative
1,4,exports_usd_m,tourism_usd_m,21.625648177742114,cumulative
1,4,imports_usd_m,gross_reserves_usd_m,0.12456725409076004,cumulative
1,4,imports_usd_m,exports_usd_m,39.328790027021974,cumulative
1,4,imports_usd_m,imports_usd_m,108.33941069957133,cumulative
1,4,imports_usd_m,remittances_usd_m,49.5745646811568,cumulative
1,4,imports_usd_m,tourism_usd_m,49.37232255831729,cumulative
1,4,remittances_usd_m,gross_reserves_usd_m,9.138633451778565,cumulative
1,4,remittances_usd_m,exports_usd_m,17.1382821039047,cumulative
1,4,remittances_usd_m,imports_usd_m,11.894247947649646,cumulative
1,4,remittances_usd_m,remittances_usd_m,41.70834847974738,cumulative
1,4,remittances_usd_m,tourism_usd_m,10.503331824667168,cumulative
1,4,tourism_usd_m,gross_reserves_usd_m,-2.3119168481711783,cumulative
1,4,tourism_usd_m,exports_usd_m,31.946519882645443,cumulative
1,4,tourism_usd_m,imports_usd_m,11.844412832951354,cumulative
1,4,tourism_usd_m,remittances_usd_m,13.43826821233877,cumulative
1,4,tourism_usd_m,tourism_usd_m,75.42194885918758,cumulative
1,5,gross_reserves_usd_m,gross_reserves_usd_m,428.0732813527964,cumulative
1,5,gross_reserves_usd_m,exports_usd_m,-21.497989856445287,cumulative
1,5,gross_reserves_usd_m,imports_usd_m,-7.833569336026965,cumulative
1,5,gross_reserves_usd_m,remittances_usd_m,82.00651876602392,cumulative
1,5,gross_reserves_usd_m,tourism_usd_m,-53.71612270873033,cumulative
1,5,exports_usd_m,gross_reserves_usd_m,-8.694716544752639,cumulative
1,5,exports_usd_m,exports_usd_m,66.41084755006129,cumulative
1,5,exports_usd_m,imports_usd_m,11.006981470171187,cumulative
1,5,exports_usd_m,remittances_usd_m,14.718991162324196,cumulative
1,5,exports_usd_m,tourism_usd_m,21.427161923099032,cumulative
1,5,imports_usd_m,gross_reserves_usd_m,0.1300477158079877,cumulative
1,5,imports_usd_m,exports_usd_m,36.01691217127094,cumulative
1,5,imports_usd_m,imports_usd_m,103.74127057866936,cumulative
1,5,imports_usd_m,remittances_usd_m,46.364872104734765,cumulative
1,5,imports_usd_m,tourism_usd_m,48.90992389064312,cumulative
1,5,remittances_usd_m,gross_reserves_usd_m,9.517164139335941,cumulative
1,5,remittances_usd_m,exports_usd_m,15.374349103543548,cumulative
1,5,remittances_usd_m,imports_usd_m,9.308924690970525,cumulative
1,5,remittances_usd_m,remittances_usd_m,39.964827383806615,cumulative
1,5,remittances_usd_m,tourism_usd_m,10.433902959162971,cumulative
1,5,tourism_usd_m,gross_reserves_usd_m,-2.3455234116360955,cumulative
1,5,tourism_usd_m,exports_usd_m,32.25341990255565,cumulative
1,5,tourism_usd_m,imports_usd_m,12.289571162290589,cumulative
1,5,tourism_usd_m,remittances_usd_m,13.899370128348197,cumulative
1,5,tourism_usd_m,tourism_usd_m,75.52653963161121,cumulative
1,6,gross_reserves_usd_m,gross_reserves_usd_m,430.02942077267187,cumulative
1,6,gross_reserves_usd_m,exports_usd_m,-29.560200425267567,cumulative
1,6,gross_reserves_usd_m,imports_usd_m,-19.16415902279512,cumulative
1,6,gross_reserves_usd_m,remittances_usd_m,72.30849350806724,cumulative
1,6,gross_reserves_usd_m,tourism_usd_m,-54.78781126592478,cumulative
1,6,exports_usd_m,gross_reserves_usd_m,-8.971018524053923,cumulative
1,6,exports_usd_m,exports_usd_m,68.37852745381919,cumulative
1,6,exports_usd_m,imports_usd_m,14.19279969856548,cumulative
1,6,exports_usd_m,remittances_usd_m,16.923594915764266,cumulative
1,6,exports_usd_m,tourism_usd_m,21.541797328276687,cumulative
1,6,imports_usd_m,gross_reserves_usd_m,0.09685583270231893,cumulative
1,6,imports_usd_m,exports_usd_m,37.874848753062714,cumulative
1,6,imports_usd_m,imports_usd_m,106.409435352981,cumulative
1,6,imports_usd_m,remittances_usd_m,48.28545597483368,cumulative
1,6,imports_usd_m,tourism_usd_m,49.18169124872841,cumulative
1,6,remittances_usd_m,gross_reserves_usd_m,9.355147763495713,cumulative
1,6,remittances_usd_m,exports_usd_m,16.454332435860014,cumulative
1,6,remittances_usd_m,imports_usd_m,10.801405130042124,cumulative
1,6,remittances_usd_m,remittances_usd_m,41.04011763517038,cumulative
1,6,remittances_usd_m,tourism_usd_m,10.539601162975488,cumulative
1,6,tourism_usd_m,gross_reserves_usd_m,-2.313167603582811,cumulative
1,6,tourism_usd_m,exports_usd_m,32.098215233918495,cumulative
1,6,tourism_usd_m,imports_usd_m,12.00088269974547,cumulative
1,6,tourism_usd_m,remittances_usd_m,13.665249754653624,cumulative
1,6,tourism_usd_m,tourism_usd_m,75.51708868695967,cumulative
1,7,gross_reserves_usd_m,gross_reserves_usd_m,429.0050144167207,cumulative
1,7,gross_reserves_usd_m,exports_usd_m,-24.837931277465618,cumulative
1,7,gross_reserves_usd_m,imports_usd_m,-12.127257932274768,cumulative
1,7,gross_reserves_usd_m,remittances_usd_m,77.83031773372802,cumulative
1,7,gross_reserves_usd_m,tourism_usd_m,-54.33755635760123,cumulative
1,7,exports_usd_m,gross_reserves_usd_m,-8.81707591097888,cumulative
1,7,exports_usd_m,exports_usd_m,67.19215849825419,cumulative
1,7,exports_usd_m,imports_usd_m,12.366480259186313,cumulative
1,7,exports_usd_m,remittances_usd_m,15.649588549929753,cumulative
1,7,exports_usd_m,tourism_usd_m,21.45232954502102,cumulative
1,7,imports_usd_m,gross_reserves_usd_m,0.13898380665193746,cumulative
1,7,imports_usd_m,exports_usd_m,36.832842479807724,cumulative
1,7,imports_usd_m,imports_usd_m,104.85455053931193,cumulative
1,7,imports_usd_m,remittances_usd_m,47.16538087289895,cumulative
1,7,imports_usd_m,tourism_usd_m,49.04749908776252,cumulative
1,7,remittances_usd_m,gross_reserves_usd_m,9.4294381980883,cumulative
1,7,remittances_usd_m,exports_usd_m,15.820327605523964,cumulative
1,7,remittances_usd_m,imports_usd_m,9.921417679250533,cumulative
1,7,remittances_usd_m,remittances_usd_m,40.38717662860042,cumulative
1,7,remittances_usd_m,tourism_usd_m,10.462099844556013,cumulative
1,7,tourism_usd_m,gross_reserves_usd_m,-2.336313910152985,cumulative
1,7,tourism_usd_m,exports_usd_m,32.19388080739043,cumulative
1,7,tourism_usd_m,imports_usd_m,12.172915384184805,cumulative
1,7,tourism_usd_m,remittances_usd_m,13.788190838001675,cumulative
1,7,tourism_usd_m,tourism_usd_m,75.51894777117964,cumulative
1,8,gross_reserves_usd_m,gross_reserves_usd_m,429.5403467120549,cumulative
1,8,gross_reserves_usd_m,exports_usd_m,-27.654921112614666,cumulative
1,8,gross_reserves_usd_m,imports_usd_m,-16.356008666627673,cumulative
1,8,gross_reserves_usd_m,remittances_usd_m,74.65847682936113,cumulative
1,8,gross_reserves_usd_m,tourism_usd_m,-54.580387491413546,cumulative
1,8,exports_usd_m,gross_reserves_usd_m,-8.899262233347734,cumulative
1,8,exports_usd_m,exports_usd_m,67.89817305259673,cumulative
1,8,exports_usd_m,imports_usd_m,13.420509670950889,cumulative
1,8,exports_usd_m,remittances_usd_m,16.396927365104375,cumulative
1,8,exports_usd_m,tourism_usd_m,21.517871524808708,cumulative
1,8,imports_usd_m,gross_reserves_usd_m,0.10161187177189399,cumulative
1,8,imports_usd_m,exports_usd_m,37.42645636789982,cumulative
1,8,imports_usd_m,imports_usd_m,105.75878067972951,cumulative
1,8,imports_usd_m,remittances_usd_m,47.811567349133874,cumulative
1,8,imports_usd_m,tourism_usd_m,49.115158300730144,cumulative
1,8,remittances_usd_m,gross_reserves_usd_m,9.391293894536128,cumulative
1,8,remittances_usd_m,exports_usd_m,16.185949576227944,cumulative
1,8,remittances_usd_m,imports_usd_m,10.443244272705842,cumulative
1,8,remittances_usd_m,remittances_usd_m,40.77548714176809,cumulative
1,8,remittances_usd_m,tourism_usd_m,10.507502812722004,cumulative
1,8,tourism_usd_m,gross_reserves_usd_m,-2.3235071256975033,cumulative
1,8,tourism_usd_m,exports_usd_m,32.13387827818613,cumulative
1,8,tourism_usd_m,imports_usd_m,12.074103354457032,cumulative
1,8,tourism_usd_m,remittances_usd_m,13.719825562823043,cumulative
1,8,tourism_usd_m,tourism_usd_m,75.51756359646319,cumulative
1,9,gross_reserves_usd_m,gross_reserves_usd_m,429.26387652995095,cumulative
1,9,gross_reserves_usd_m,exports_usd_m,-25.973663862613257,cumulative
1,9,gross_reserves_usd_m,imports_usd_m,-13.85278829494306,cumulative
1,9,gross_reserves_usd_m,remittances_usd_m,76.50066458025394,cumulative
1,9,gross_reserves_usd_m,tourism_usd_m,-54.43019934335248,cumulative
1,9,exports_usd_m,gross_reserves_usd_m,-8.855006706713166,cumulative
1,9,exports_usd_m,exports_usd_m,67.48329372791743,cumulative
1,9,exports_usd_m,imports_usd_m,12.807993571689636,cumulative
1,9,exports_usd_m,remittances_usd_m,15.957145313111399,cumulative
1,9,exports_usd_m,tourism_usd_m,21.474879998299393,cumulative
1,9,imports_usd_m,gross_reserves_usd_m,0.12875224191780577,cumulative
1,9,imports_usd_m,exports_usd_m,37.084045990989075,cumulative
1,9,imports_usd_m,imports_usd_m,105.23466907069654,cumulative
1,9,imports_usd_m,remittances_usd_m,47.43916598855789,cumulative
1,9,imports_usd_m,tourism_usd_m,49.0795601516813,cumulative
1,9,remittances_usd_m,gross_reserves_usd_m,9.412795505461363,cumulative
1,9,remittances_usd_m,exports_usd_m,15.97544762585708,cumulative
1,9,remittances_usd_m,imports_usd_m,10.13467840721012,cumulative
1,9,remittances_usd_m,remittances_usd_m,40.54796617232075,cumulative
1,9,remittances_usd_m,tourism_usd_m,10.482793354979872,cumulative
1,9,tourism_usd_m,gross_reserves_usd_m,-2.329995019712648,cumulative
1,9,tourism_usd_m,exports_usd_m,32.171158070118466,cumulative
1,9,tourism_usd_m,imports_usd_m,12.130865561732561,cumulative
1,9,tourism_usd_m,remittances_usd_m,13.759584463921064,cumulative
1,9,tourism_usd_m,tourism_usd_m,75.51989081684302,cumulative
1,10,gross_reserves_usd_m,gross_reserves_usd_m,429.40695858869475,cumulative
1,10,gross_reserves_usd_m,exports_usd_m,-26.97100172718062,cumulative
1,10,gross_reserves_usd_m,imports_usd_m,-15.326255391820288,cumulative
1,10,gross_reserves_usd_m,remittances_usd_m,75.42328026879703,cumulative
1,10,gross_reserves_usd_m,tourism_usd_m,-54.52626626408613,cumulative
1,10,exports_usd_m,gross_reserves_usd_m,-8.879585434574784,cumulative
1,10,exports_usd_m,exports_usd_m,67.72522322548997,cumulative
1,10,exports_usd_m,imports_usd_m,13.165396129961344,cumulative
1,10,exports_usd_m,remittances_usd_m,16.215288405335937,cumulative
1,10,exports_usd_m,tourism_usd_m,21.500992653960104,cumulative
1,10,imports_usd_m,gross_reserves_usd_m,0.1110241370379081,cumulative
1,10,imports_usd_m,exports_usd_m,37.28318036697357,cumulative
1,10,imports_usd_m,imports_usd_m,105.5380924585261,cumulative
1,10,imports_usd_m,remittances_usd_m,47.65451814287364,cumulative
1,10,imports_usd_m,tourism_usd_m,49.09958303319241,cumulative
1,10,remittances_usd_m,gross_reserves_usd_m,9.400177926255415,cumulative
1,10,remittances_usd_m,exports_usd_m,16.09719508817108,cumulative
1,10,remittances_usd_m,imports_usd_m,10.31614129618528,cumulative
1,10,remittances_usd_m,remittances_usd_m,40.680305734447614,cumulative
1,10,remittances_usd_m,tourism_usd_m,10.496138064387024,cumulative
1,10,tourism_usd_m,gross_reserves_usd_m,-2.3268194187732534,cumulative
1,10,tourism_usd_m,exports_usd_m,32.14868683528437,cumulative
1,10,tourism_usd_m,imports_usd_m,12.097967539743339,cumulative
1,10,tourism_usd_m,remittances_usd_m,13.736020416183752,cumulative
1,10,tourism_usd_m,tourism_usd_m,75.51786777172508,cumulative
1,11,gross_reserves_usd_m,gross_reserves_usd_m,429.3317057404906,cumulative
1,11,gross_reserves_usd_m,exports_usd_m,-26.38371230997943,cumulative
1,11,gross_reserves_usd_m,imports_usd_m,-14.460676907664254,cumulative
1,11,gross_reserves_usd_m,remittances_usd_m,76.05474868186151,cumulative
1,11,gross_reserves_usd_m,tourism_usd_m,-54.46646288326153,cumulative
1,11,exports_usd_m,gross_reserves_usd_m,-8.865526247623299,cumulative
1,11,exports_usd_m,exports_usd_m,67.58457053572373,cumulative
1,11,exports_usd_m,imports_usd_m,12.956579873049272,cumulative
1,11,exports_usd_m,remittances_usd_m,16.06431816455115,cumulative
1,11,exports_usd_m,tourism_usd_m,21.485778940918113,cumulative
1,11,imports_usd_m,gross_reserves_usd_m,0.12193471262394708,cumulative
1,11,imports_usd_m,exports_usd_m,37.167013141032,cumulative
1,11,imports_usd_m,imports_usd_m,105.36232537922015,cumulative
1,11,imports_usd_m,remittances_usd_m,47.52948959378934,cumulative
1,11,imports_usd_m,tourism_usd_m,49.08788331501115,cumulative
1,11,remittances_usd_m,gross_reserves_usd_m,9.407616496340276,cumulative
1,11,remittances_usd_m,exports_usd_m,16.026416393378202,cumulative
1,11,remittances_usd_m,imports_usd_m,10.20992448133411,cumulative
1,11,remittances_usd_m,remittances_usd_m,40.603468044907586,cumulative
1,11,remittances_usd_m,tourism_usd_m,10.488735661003906,cumulative
1,11,tourism_usd_m,gross_reserves_usd_m,-2.328417926843767,cumulative
1,11,tourism_usd_m,exports_usd_m,32.1619511072787,cumulative
1,11,tourism_usd_m,imports_usd_m,12.117202363533758,cumulative
1,11,tourism_usd_m,remittances_usd_m,13.750000844740741,cumulative
1,11,tourism_usd_m,tourism_usd_m,75.51927453145767,cumulative
1,12,gross_reserves_usd_m,gross_reserves_usd_m,429.3722884253946,cumulative
1,12,gross_reserves_usd_m,exports_usd_m,-26.727671789064896,cumulative
1,12,gross_reserves_usd_m,imports_usd_m,-14.968583654472408,cumulative
1,12,gross_reserves_usd_m,remittances_usd_m,75.68491688490265,cumulative
1,12,gross_reserves_usd_m,tourism_usd_m,-54.50250667989424,cumulative
1,12,exports_usd_m,gross_reserves_usd_m,-8.873709558405364,cumulative
1,12,exports_usd_m,exports_usd_m,67.66633322391465,cumulative
1,12,exports_usd_m,imports_usd_m,13.078543217706596,cumulative
1,12,exports_usd_m,remittances_usd_m,16.152373257769312,cumulative
1,12,exports_usd_m,tourism_usd_m,21.49450836353573,cumulative
1,12,imports_usd_m,gross_reserves_usd_m,0.11541702127131047,cumulative
1,12,imports_usd_m,exports_usd_m,37.23480354371395,cumulative
1,12,imports_usd_m,imports_usd_m,105.46430316249813,cumulative
1,12,imports_usd_m,remittances_usd_m,47.60227781627732,cumulative
1,12,imports_usd_m,tourism_usd_m,49.09481443949306,cumulative
1,12,remittances_usd_m,gross_reserves_usd_m,9.403267434248223,cumulative
1,12,remittances_usd_m,exports_usd_m,16.06769532565021,cumulative
1,12,remittances_usd_m,imports_usd_m,10.271919414665923,cumulative
1,12,remittances_usd_m,remittances_usd_m,40.64812136870131,cumulative
1,12,remittances_usd_m,tourism_usd_m,10.492969525611999,cumulative
1,12,tourism_usd_m,gross_reserves_usd_m,-2.327570336898446,cumulative
1,12,tourism_usd_m,exports_usd_m,32.15421585541806,cumulative
1,12,tourism_usd_m,imports_usd_m,12.105912373979399,cumulative
1,12,tourism_usd_m,remittances_usd_m,13.741757208775198,cumulative
1,12,tourism_usd_m,tourism_usd_m,75.51841534747321,cumulative
1,13,gross_reserves_usd_m,gross_reserves_usd_m,429.34984566076685,cumulative
1,13,gross_reserves_usd_m,exports_usd_m,-26.52684262076478,cumulative
1,13,gross_reserves_usd_m,imports_usd_m,-14.670917923716907,cumulative
1,13,gross_reserves_usd_m,remittances_usd_m,75.90113596442603,cumulative
1,13,gross_reserves_usd_m,tourism_usd_m,-54.481286036265985,cumulative
1,13,exports_usd_m,gross_reserves_usd_m,-8.868917581640273,cumulative
1,13,exports_usd_m,exports_usd_m,67.61875641418926,cumulative
1,13,exports_usd_m,imports_usd_m,13.007369460075267,cumulative
1,13,exports_usd_m,remittances_usd_m,16.10108070361681,cumulative
1,13,exports_usd_m,tourism_usd_m,21.489499015649923,cumulative
1,13,imports_usd_m,gross_reserves_usd_m,0.11926033334094059,cumulative
1,13,imports_usd_m,exports_usd_m,37.195273036173354,cumulative
1,13,imports_usd_m,imports_usd_m,105.40504069585904,cumulative
1,13,imports_usd_m,remittances_usd_m,47.559848173157064,cumulative
1,13,imports_usd_m,tourism_usd_m,49.09071719785782,cumulative
1,13,remittances_usd_m,gross_reserves_usd_m,9.40578965171463,cumulative
1,13,remittances_usd_m,exports_usd_m,16.043594063361493,cumulative
1,13,remittances_usd_m,imports_usd_m,10.235780545843319,cumulative
1,13,remittances_usd_m,remittances_usd_m,40.62213144473449,cumulative
1,13,remittances_usd_m,tourism_usd_m,10.490499400723673,cumulative
1,13,tourism_usd_m,gross_reserves_usd_m,-2.328042696393806,cumulative
1,13,tourism_usd_m,exports_usd_m,32.158708752876436,cumulative
1,13,tourism_usd_m,imports_usd_m,12.11253943403834,cumulative
1,13,tourism_usd_m,remittances_usd_m,13.746586680862444,cumulative
1,13,tourism_usd_m,tourism_usd_m,75.51891143073843,cumulative
1,14,gross_reserves_usd_m,gross_reserves_usd_m,429.36250304057785,cumulative
1,14,gross_reserves_usd_m,exports_usd_m,-26.643952919905047,cumulative
1,14,gross_reserves_usd_m,imports_usd_m,-14.845130908057573,cumulative
1,14,gross_reserves_usd_m,remittances_usd_m,75.77492551744248,cumulative
1,14,gross_reserves_usd_m,tourism_usd_m,-54.4936348000519,cumulative
1,14,exports_usd_m,gross_reserves_usd_m,-8.87172267012279,cumulative
1,14,exports_usd_m,exports_usd_m,67.64646902971477,cumulative
1,14,exports_usd_m,imports_usd_m,13.04887241361125,cumulative
1,14,exports_usd_m,remittances_usd_m,16.130950537943075,cumulative
1,14,exports_usd_m,tourism_usd_m,21.49239113699002,cumulative
1,14,imports_usd_m,gross_reserves_usd_m,0.11700386882735025,cumulative
1,14,imports_usd_m,exports_usd_m,37.218307618095054,cumulative
1,14,imports_usd_m,imports_usd_m,105.43952274024743,cumulative
1,14,imports_usd_m,remittances_usd_m,47.584588187185474,cumulative
1,14,imports_usd_m,tourism_usd_m,49.0931235002552,cumulative
1,14,remittances_usd_m,gross_reserves_usd_m,9.40433247763764,cumulative
1,14,remittances_usd_m,exports_usd_m,16.05766360470325,cumulative
1,14,remittances_usd_m,imports_usd_m,10.256840945489909,cumulative
1,14,remittances_usd_m,remittances_usd_m,40.63727606254095,cumulative
1,14,remittances_usd_m,tourism_usd_m,10.491950984107236,cumulative
1,14,tourism_usd_m,gross_reserves_usd_m,-2.3277715146133673,cumulative
1,14,tourism_usd_m,exports_usd_m,32.15609870046152,cumulative
1,14,tourism_usd_m,imports_usd_m,12.108656706659328,cumulative
1,14,tourism_usd_m,remittances_usd_m,13.743769297359963,cumulative
1,14,tourism_usd_m,tourism_usd_m,75.51863019087354,cumulative
1,15,gross_reserves_usd_m,gross_reserves_usd_m,429.35527318386346,cumulative
1,15,gross_reserves_usd_m,exports_usd_m,-26.57568200174235,cumulative
1,15,gross_reserves_usd_m,imports_usd_m,-14.743301471730739,cumulative
1,15,gross_reserves_usd_m,remittances_usd_m,75.84852275410607,cumulative
1,15,gross_reserves_usd_m,tourism_usd_m,-54.4864726725202,cumulative
1,15,exports_usd_m,gross_reserves_usd_m,-8.87008452886493,cumulative
1,15,exports_usd_m,exports_usd_m,67.63031696885483,cumulative
1,15,exports_usd_m,imports_usd_m,13.024682126373275,cumulative
1,15,exports_usd_m,remittances_usd_m,16.113552452572083,cumulative
1,15,exports_usd_m,tourism_usd_m,21.49071129325122,cumulative
1,15,imports_usd_m,gross_reserves_usd_m,0.11832717865541499,cumulative
1,15,imports_usd_m,exports_usd_m,37.20489034342375,cumulative
1,15,imports_usd_m,imports_usd_m,105.41944397382049,cumulative
1,15,imports_usd_m,remittances_usd_m,47.57016513095371,cumulative
1,15,imports_usd_m,tourism_usd_m,49.091718242614924,cumulative
1,15,remittances_usd_m,gross_reserves_usd_m,9.40517441332549,cumulative
1,15,remittances_usd_m,exports_usd_m,16.049455354873103,cumulative
1,15,remittances_usd_m,imports_usd_m,10.244566497030856,cumulative
1,15,remittances_usd_m,remittances_usd_m,40.6284463852907,cumulative
1,15,remittances_usd_m,tourism_usd_m,10.49109832299507,cumulative
1,15,tourism_usd_m,gross_reserves_usd_m,-2.32792903213991,cumulative
1,15,tourism_usd_m,exports_usd_m,32.15761742221298,cumulative
1,15,tourism_usd_m,imports_usd_m,12.11092673248634,cumulative
1,15,tourism_usd_m,remittances_usd_m,13.745409890071807,cumulative
1,15,tourism_usd_m,tourism_usd_m,75.51879027679381,cumulative
1,16,gross_reserves_usd_m,gross_reserves_usd_m,429.3594328166008,cumulative
1,16,gross_reserves_usd_m,exports_usd_m,-26.61548381246718,cumulative
1,16,gross_reserves_usd_m,imports_usd_m,-14.802760658619379,cumulative
1,16,gross_reserves_usd_m,remittances_usd_m,75.80562561789915,cumulative
1,16,gross_reserves_usd_m,tourism_usd_m,-54.49063066565649,cumulative
1,16,exports_usd_m,gross_reserves_usd_m,-8.871039237845979,cumulative
1,16,exports_usd_m,exports_usd_m,67.63973311327399,cumulative
1,16,exports_usd_m,imports_usd_m,13.038779102305988,cumulative
1,16,exports_usd_m,remittances_usd_m,16.123689313055987,cumulative
1,16,exports_usd_m,tourism_usd_m,21.491690550826625,cumulative
1,16,imports_usd_m,gross_reserves_usd_m,0.11755154689494036,cumulative
1,16,imports_usd_m,exports_usd_m,37.21270533139795,cumulative
1,16,imports_usd_m,imports_usd_m,105.43114030862098,cumulative
1,16,imports_usd_m,remittances_usd_m,47.57857147669077,cumulative
1,16,imports_usd_m,tourism_usd_m,49.09253640871689,cumulative
1,16,remittances_usd_m,gross_reserves_usd_m,9.404686923215065,cumulative
1,16,remittances_usd_m,exports_usd_m,16.05424131714317,cumulative
1,16,remittances_usd_m,imports_usd_m,10.251721373034046,cumulative
1,16,remittances_usd_m,remittances_usd_m,40.63359471087937,cumulative
1,16,remittances_usd_m,tourism_usd_m,10.49159759992662,cumulative
1,16,tourism_usd_m,gross_reserves_usd_m,-2.3278373895597073,cumulative
1,16,tourism_usd_m,exports_usd_m,32.156732453783114,cumulative
1,16,tourism_usd_m,imports_usd_m,12.109601688387732,cumulative
1,16,tourism_usd_m,remittances_usd_m,13.744454806777226,cumulative
1,16,tourism_usd_m,tourism_usd_m,75.51869815960661,cumulative
1,17,gross_reserves_usd_m,gross_reserves_usd_m,429.35703023538775,cumulative
1,17,gross_reserves_usd_m,exports_usd_m,-26.592277545499904,cumulative
1,17,gross_reserves_usd_m,imports_usd_m,-14.768066880780543,cumulative
1,17,gross_reserves_usd_m,remittances_usd_m,75.8306257554889,cumulative
1,17,gross_reserves_usd_m,tourism_usd_m,-54.48821162890608,cumulative
1,17,exports_usd_m,gross_reserves_usd_m,-8.870483398928197,cumulative
1,17,exports_usd_m,exports_usd_m,67.63424392231508,cumulative
1,17,exports_usd_m,imports_usd_m,13.030564168106386,cumulative
1,17,exports_usd_m,remittances_usd_m,16.11778183477761,cumulative
1,17,exports_usd_m,tourism_usd_m,21.491118963998932,cumulative
1,17,imports_usd_m,gross_reserves_usd_m,0.11800578052191087,cumulative
1,17,imports_usd_m,exports_usd_m,37.20815284138477,cumulative
1,17,imports_usd_m,imports_usd_m,105.42432578394082,cumulative
1,17,imports_usd_m,remittances_usd_m,47.57367271664072,cumulative
1,17,imports_usd_m,tourism_usd_m,49.09206047050821,cumulative
1,17,remittances_usd_m,gross_reserves_usd_m,9.404969882779325,cumulative
1,17,remittances_usd_m,exports_usd_m,16.051451779762317,cumulative
1,17,remittances_usd_m,imports_usd_m,10.247550449244812,cumulative
1,17,remittances_usd_m,remittances_usd_m,40.63059327376666,cumulative
1,17,remittances_usd_m,tourism_usd_m,10.49130611062714,cumulative
1,17,tourism_usd_m,gross_reserves_usd_m,-2.3278906237023382,cumulative
1,17,tourism_usd_m,exports_usd_m,32.15724851309791,cumulative
1,17,tourism_usd_m,imports_usd_m,12.110374426020634,cumulative
1,17,tourism_usd_m,remittances_usd_m,13.745011035949354,cumulative
1,17,tourism_usd_m,tourism_usd_m,75.51875166685912,cumulative
1,18,gross_reserves_usd_m,gross_reserves_usd_m,429.3584211243122,cumulative
1,18,gross_reserves_usd_m,exports_usd_m,-26.605807811855986,cumulative
1,18,gross_reserves_usd_m,imports_usd_m,-14.788301147717142,cumulative
1,18,gross_reserves_usd_m,remittances_usd_m,75.81605553118649,cumulative
1,18,gross_reserves_usd_m,tourism_usd_m,-54.48962129921618,cumulative
1,18,exports_usd_m,gross_reserves_usd_m,-8.870806960161444,cumulative
1,18,exports_usd_m,exports_usd_m,67.6374435276031,cumulative
1,18,exports_usd_m,imports_usd_m,13.035351584516194,cumulative
1,18,exports_usd_m,remittances_usd_m,16.121224899479802,cumulative
1,18,exports_usd_m,tourism_usd_m,21.491452559895848,cumulative
1,18,imports_usd_m,gross_reserves_usd_m,0.11774006727424846,cumulative
1,18,imports_usd_m,exports_usd_m,37.21080527019776,cumulative
1,18,imports_usd_m,imports_usd_m,105.42829634038354,cumulative
1,18,imports_usd_m,remittances_usd_m,47.5765272858682,cumulative
1,18,imports_usd_m,tourism_usd_m,49.092337420708496,cumulative
1,18,remittances_usd_m,gross_reserves_usd_m,9.404805327215595,cumulative
1,18,remittances_usd_m,exports_usd_m,16.053077441607428,cumulative
1,18,remittances_usd_m,imports_usd_m,10.249981844061029,cumulative
1,18,remittances_usd_m,remittances_usd_m,40.632342795098545,cumulative
1,18,remittances_usd_m,tourism_usd_m,10.49147598964498,cumulative
1,18,tourism_usd_m,gross_reserves_usd_m,-2.327859740513721,cumulative
1,18,tourism_usd_m,exports_usd_m,32.15694753503997,cumulative
1,18,tourism_usd_m,imports_usd_m,12.10992396104232,cumulative
1,18,tourism_usd_m,remittances_usd_m,13.744686942660614,cumulative
1,18,tourism_usd_m,tourism_usd_m,75.51872043119377,cumulative
1,19,gross_reserves_usd_m,gross_reserves_usd_m,429.35761463157917,cumulative
1,19,gross_reserves_usd_m,exports_usd_m,-26.59791967498879,cumulative
1,19,gross_reserves_usd_m,imports_usd_m,-14.776503145037932,cumulative
1,19,gross_reserves_usd_m,remittances_usd_m,75.82454753885919,cumulative
1,19,gross_reserves_usd_m,tourism_usd_m,-54.48879919028284,cumulative
1,19,exports_usd_m,gross_reserves_usd_m,-8.870618558787386,cumulative
1,19,exports_usd_m,exports_usd_m,67.63557869227347,cumulative
1,19,exports_usd_m,imports_usd_m,13.032561500202302,cumulative
1,19,exports_usd_m,remittances_usd_m,16.119218141144337,cumulative
1,19,exports_usd_m,tourism_usd_m,21.491257978174332,cumulative
1,19,imports_usd_m,gross_reserves_usd_m,0.11789532590026486,cumulative
1,19,imports_usd_m,exports_usd_m,37.20925966946693,cumulative
1,19,imports_usd_m,imports_usd_m,105.42598276257156,cumulative
1,19,imports_usd_m,remittances_usd_m,47.57486386883511,cumulative
1,19,imports_usd_m,tourism_usd_m,49.09217615421418,cumulative
1,19,remittances_usd_m,gross_reserves_usd_m,9.404901133898154,cumulative
1,19,remittances_usd_m,exports_usd_m,16.052130073228962,cumulative
1,19,remittances_usd_m,imports_usd_m,10.248564575299088,cumulative
1,19,remittances_usd_m,remittances_usd_m,40.6313231321055,cumulative
1,19,remittances_usd_m,tourism_usd_m,10.491377048056641,cumulative
1,19,tourism_usd_m,gross_reserves_usd_m,-2.3278776556108083,cumulative
1,19,tourism_usd_m,exports_usd_m,32.157123043664676,cumulative
1,19,tourism_usd_m,imports_usd_m,12.11018652884314,cumulative
1,19,tourism_usd_m,remittances_usd_m,13.744875835779709,cumulative
1,19,tourism_usd_m,tourism_usd_m,75.51873868958062,cumulative
1,20,gross_reserves_usd_m,gross_reserves_usd_m,429.3580828721688,cumulative
1,20,gross_reserves_usd_m,exports_usd_m,-26.60251798191607,cumulative
1,20,gross_reserves_usd_m,imports_usd_m,-14.783381171000485,cumulative
1,20,gross_reserves_usd_m,remittances_usd_m,75.8195980018291,cumulative
1,20,gross_reserves_usd_m,tourism_usd_m,-54.489278689233785,cumulative
1,20,exports_usd_m,gross_reserves_usd_m,-8.870728300766308,cumulative
1,20,exports_usd_m,exports_usd_m,67.636665513503,cumulative
1,20,exports_usd_m,imports_usd_m,13.034187586077337,cumulative
1,20,exports_usd_m,remittances_usd_m,16.120387733699943,cumulative
1,20,exports_usd_m,tourism_usd_m,21.491371412909693,cumulative
1,20,imports_usd_m,gross_reserves_usd_m,0.1178046908113781,cumulative
1,20,imports_usd_m,exports_usd_m,37.21016038157846,cumulative
1,20,imports_usd_m,imports_usd_m,105.42733089469817,cumulative
1,20,imports_usd_m,remittances_usd_m,47.57583321636575,cumulative
1,20,imports_usd_m,tourism_usd_m,49.09227011091497,cumulative
1,20,remittances_usd_m,gross_reserves_usd_m,9.404845324133571,cumulative
1,20,remittances_usd_m,exports_usd_m,16.052682176157532,cumulative
1,20,remittances_usd_m,imports_usd_m,10.249390650536299,cumulative
1,20,remittances_usd_m,remittances_usd_m,40.63191738093429,cumulative
1,20,remittances_usd_m,tourism_usd_m,10.491434675262486,cumulative
1,20,tourism_usd_m,gross_reserves_usd_m,-2.327867254550883,cumulative
1,20,tourism_usd_m,exports_usd_m,32.157020724209396,cumulative
1,20,tourism_usd_m,imports_usd_m,12.110033483560011,cumulative
1,20,tourism_usd_m,remittances_usd_m,13.7447657302741,cumulative
1,20,tourism_usd_m,tourism_usd_m,75.51872802340145,cumulative
1,21,gross_reserves_usd_m,gross_reserves_usd_m,429.3578107254029,cumulative
1,21,gross_reserves_usd_m,exports_usd_m,-26.599837695351454,cumulative
1,21,gross_reserves_usd_m,imports_usd_m,-14.779371770740694,cumulative
1,21,gross_reserves_usd_m,remittances_usd_m,75.82248280843095,cumulative
1,21,gross_reserves_usd_m,tourism_usd_m,-54.48899907845723,cumulative
1,21,exports_usd_m,gross_reserves_usd_m,-8.870664358752919,cumulative
1,21,exports_usd_m,exports_usd_m,67.63603213160354,cumulative
1,21,exports_usd_m,imports_usd_m,13.033239885240418,cumulative
1,21,exports_usd_m,remittances_usd_m,16.119706084367227,cumulative
1,21,exports_usd_m,tourism_usd_m,21.491305305264135,cumulative
1,21,imports_usd_m,gross_reserves_usd_m,0.11785756643450664,cumulative
1,21,imports_usd_m,exports_usd_m,37.209635464701215,cumulative
1,21,imports_usd_m,imports_usd_m,105.42654530302778,cumulative
1,21,imports_usd_m,remittances_usd_m,47.575268312111355,cumulative
1,21,imports_usd_m,tourism_usd_m,49.09221535338579,cumulative
1,21,remittances_usd_m,gross_reserves_usd_m,9.404877840686442,cumulative
1,21,remittances_usd_m,exports_usd_m,16.052360413811666,cumulative
1,21,remittances_usd_m,imports_usd_m,10.248909186300102,cumulative
1,21,remittances_usd_m,remittances_usd_m,40.63157106422365,cumulative
1,21,remittances_usd_m,tourism_usd_m,10.49140110239842,cumulative
1,21,tourism_usd_m,gross_reserves_usd_m,-2.3278733000924516,cumulative
1,21,tourism_usd_m,exports_usd_m,32.15708036399936,cumulative
1,21,tourism_usd_m,imports_usd_m,12.110122691128586,cumulative
1,21,tourism_usd_m,remittances_usd_m,13.744829909731758,cumulative
1,21,tourism_usd_m,tourism_usd_m,75.51873424744127,cumulative
1,22,gross_reserves_usd_m,gross_reserves_usd_m,429.35796903445015,cumulative
1,22,gross_reserves_usd_m,exports_usd_m,-26.601399891651482,cumulative
1,22,gross_reserves_usd_m,imports_usd_m,-14.781708821236682,cumulative
1,22,gross_reserves_usd_m,remittances_usd_m,75.82080145124729,cumulative
1,22,gross_reserves_usd_m,tourism_usd_m,-54.48916208468356,cumulative
1,22,exports_usd_m,gross_reserves_usd_m,-8.870701621063604,cumulative
1,22,exports_usd_m,exports_usd_m,67.63640125606753,cumulative
1,22,exports_usd_m,imports_usd_m,13.033792212053893,cumulative
1,22,exports_usd_m,remittances_usd_m,16.12010334745122,cumulative
1,22,exports_usd_m,tourism_usd_m,21.49134382732445,cumulative
1,22,imports_usd_m,gross_reserves_usd_m,0.11782673169917156,cumulative
1,22,imports_usd_m,exports_usd_m,37.20994137901092,cumulative
1,22,imports_usd_m,imports_usd_m,105.42700310336151,cumulative
1,22,imports_usd_m,remittances_usd_m,47.57559752847483,cumulative
1,22,imports_usd_m,tourism_usd_m,49.09224726897019,cumulative
1,22,remittances_usd_m,gross_reserves_usd_m,9.404858894707452,cumulative
1,22,remittances_usd_m,exports_usd_m,16.052547938399947,cumulative
1,22,remittances_usd_m,imports_usd_m,10.249189790464326,cumulative
1,22,remittances_usd_m,remittances_usd_m,40.63177289208979,cumulative
1,22,remittances_usd_m,tourism_usd_m,10.491420666273767,cumulative
1,22,tourism_usd_m,gross_reserves_usd_m,-2.3278697825629937,cumulative
1,22,tourism_usd_m,exports_usd_m,32.15704560494921,cumulative
1,22,tourism_usd_m,imports_usd_m,12.11007069411582,cumulative
1,22,tourism_usd_m,remittances_usd_m,13.744792502342712,cumulative
1,22,tourism_usd_m,tourism_usd_m,75.51873061872755,cumulative
1,23,gross_reserves_usd_m,gross_reserves_usd_m,429.35787688780727,cumulative
1,23,gross_reserves_usd_m,exports_usd_m,-26.600489407236577,cumulative
1,23,gross_reserves_usd_m,imports_usd_m,-14.780346634672037,cumulative
1,23,gross_reserves_usd_m,remittances_usd_m,75.82178137715393,cumulative
1,23,gross_reserves_usd_m,tourism_usd_m,-54.48906707467333,cumulative
1,23,exports_usd_m,gross_reserves_usd_m,-8.870679905034713,cumulative
1,23,exports_usd_m,exports_usd_m,67.63618613486366,cumulative
1,23,exports_usd_m,imports_usd_m,13.033470315031254,cumulative
1,23,exports_usd_m,remittances_usd_m,16.119871826070018,cumulative
1,23,exports_usd_m,tourism_usd_m,21.491321379619148,cumulative
1,23,imports_usd_m,gross_reserves_usd_m,0.11784470906140039,cumulative
1,23,imports_usd_m,exports_usd_m,37.20976309626221,cumulative
1,23,imports_usd_m,imports_usd_m,105.42673631476796,cumulative
1,23,imports_usd_m,remittances_usd_m,47.57540566448029,cumulative
1,23,imports_usd_m,tourism_usd_m,49.09222866711961,cumulative
1,23,remittances_usd_m,gross_reserves_usd_m,9.404869933860036,cumulative
1,23,remittances_usd_m,exports_usd_m,16.05243864780515,cumulative
1,23,remittances_usd_m,imports_usd_m,10.249026253174724,cumulative
1,23,remittances_usd_m,remittances_usd_m,40.631655268786076,cumulative
1,23,remittances_usd_m,tourism_usd_m,10.491409264238442,cumulative
1,23,tourism_usd_m,gross_reserves_usd_m,-2.3278718306662523,cumulative
1,23,tourism_usd_m,exports_usd_m,32.157065862272454,cumulative
1,23,tourism_usd_m,imports_usd_m,12.110101001094334,cumulative
1,23,tourism_usd_m,remittances_usd_m,13.744814304231188,cumulative
1,23,tourism_usd_m,tourism_usd_m,75.5187327333482,cumulative
1,24,gross_reserves_usd_m,gross_reserves_usd_m,429.3579305464167,cumulative
1,24,gross_reserves_usd_m,exports_usd_m,-26.601020047573677,cumulative
1,24,gross_reserves_usd_m,imports_usd_m,-14.781140577821844,cumulative
1,24,gross_reserves_usd_m,remittances_usd_m,75.82121026881454,cumulative
1,24,gross_reserves_usd_m,tourism_usd_m,-54.489122446716856,cumulative
1,24,exports_usd_m,gross_reserves_usd_m,-8.870692560991797,cumulative
1,24,exports_usd_m,exports_usd_m,67.63631150576414,cumulative
1,24,exports_usd_m,imports_usd_m,13.033657915773151,cumulative
1,24,exports_usd_m,remittances_usd_m,16.120006754398677,cumulative
1,24,exports_usd_m,tourism_usd_m,21.49133446109684,cumulative
1,24,imports_usd_m,gross_reserves_usd_m,0.11783422916033105,cumulative
1,24,imports_usd_m,exports_usd_m,37.20986699695162,cumulative
1,24,imports_usd_m,imports_usd_m,105.4268917920309,cumulative
1,24,imports_usd_m,remittances_usd_m,47.57551748134312,cumulative
1,24,imports_usd_m,tourism_usd_m,49.092239508614675,cumulative
1,24,remittances_usd_m,gross_reserves_usd_m,9.404863501561806,cumulative
1,24,remittances_usd_m,exports_usd_m,16.052502342804765,cumulative
1,24,remittances_usd_m,imports_usd_m,10.249121562697646,cumulative
1,24,remittances_usd_m,remittances_usd_m,40.63172381900582,cumulative
1,24,remittances_usd_m,tourism_usd_m,10.491415909766822,cumulative
1,24,tourism_usd_m,gross_reserves_usd_m,-2.3278706376472265,cumulative
1,24,tourism_usd_m,exports_usd_m,32.15705405650753,cumulative
1,24,tourism_usd_m,imports_usd_m,12.110083336965504,cumulative
1,24,tourism_usd_m,remittances_usd_m,13.744801598047719,cumulative
1,24,tourism_usd_m,tourism_usd_m,75.51873150122061,cumulative
